{"global":[{"id":"--inbiz-color-primary","isShow":false,"name":"主题色","langkey":"primaryColor","color":"#1989fa"},{"id":"--inbiz-color-bg","isShow":false,"name":"背景色","langkey":"bgColor","color":"#fff"},{"id":"--inbiz-color-link","isShow":false,"name":"链接色","langkey":"linkColor","color":"#1989fa"},{"id":"--inbiz-color-disabled","isShow":false,"name":"失效色","langkey":"disabledColor","color":"rgba(0, 0, 0, 0.25)"},{"id":"--inbiz-color-border-base","isShow":false,"name":"边框色","langkey":"borderColor","color":"#d9d9d9"},{"id":"--inbiz-color-success","isShow":false,"name":"成功色","langkey":"successColor","color":"#52c41a"},{"id":"--inbiz-color-warning","isShow":false,"name":"警告色","langkey":"warningColor","color":"#faad14"},{"id":"--inbiz-color-danger","isShow":false,"name":"错误色","langkey":"errorColor","color":"#f5222d"},{"id":"--inbiz-color-text","isShow":false,"name":"主文本色","langkey":"mainTextColor","color":"rgba(0, 0, 0, 0.65)"},{"id":"--inbiz-color-secondary-text","isShow":false,"name":"次文本色","langkey":"secondTextColor","color":"rgba(0, 0, 0, 0.45)"},{"id":"--inbiz-color-heading","isShow":false,"name":"标题色","langkey":"titleColor","color":"rgba(0, 0, 0, 0.85)"},{"id":"--inbiz-border-radius-base","isShow":false,"name":"圆角","langkey":"borderRadius","size":2,"fontSize":"2px"},{"id":"--inbiz-font-size-base","isShow":false,"name":"主字号","langkey":"mainFontSize","size":14,"fontSize":"14px"}],"topmenu":{"one":[{"id":"--inbiz-color-menu-top-bg","isShow":false,"name":"背景","langkey":"menuBg","color":"#1989fa"},{"id":"--inbiz-color-menu-top-bg-selected","isShow":false,"name":"选中背景","langkey":"menuSelectBg","color":"#47a1fb"},{"id":"--inbiz-color-menu-top-bg-hover","isShow":false,"name":"hover背景","langkey":"menuHoverBg","color":"#2b92fa"},{"id":"--inbiz-color-menu-top-default","isShow":false,"name":"默认字色","langkey":"menuFontColor","color":"#ffffff"},{"id":"--inbiz-color-menu-top-selected","isShow":false,"name":"选中字色","langkey":"menuSelectFontColor","color":"#ffffff"},{"id":"--inbiz-font-size-menu-top","isShow":false,"name":"字号","langkey":"menuFontSize","size":14,"fontSize":"14px"}],"child":[{"id":"--inbiz-color-menu-top-child-bg","isShow":false,"name":"背景","langkey":"menuBg","color":"#fff"},{"id":"--inbiz-color-menu-top-bg-child-selected","isShow":false,"name":"选中背景","langkey":"menuSelectBg","color":"#ffffff"},{"id":"--inbiz-color-menu-top-bg-child-hover","isShow":false,"name":"hover背景","langkey":"menuHoverBg","color":"#fff"},{"id":"--inbiz-color-menu-top-child-default","isShow":false,"name":"默认字色","langkey":"menuFontColor","color":"#666"},{"id":"--inbiz-color-menu-top-child-selected","isShow":false,"name":"选中字色","langkey":"menuSelectFontColor","color":"#1989fa"},{"id":"--inbiz-font-size-menu-top-child","isShow":false,"name":"字号","langkey":"menuFontSize","size":14,"fontSize":"14px"}]},"leftmenu":{"one":[{"id":"--inbiz-color-menu-left-bg","isShow":false,"name":"背景","langkey":"menuBg","color":"#ffffff"},{"id":"--inbiz-color-menu-left-bg-selected","isShow":false,"name":"选中背景","langkey":"menuSelectBg","color":"#e7f3ff"},{"id":"--inbiz-color-menu-left-bg-hover","isShow":false,"name":"hover背景","langkey":"menuHoverBg","color":"#ffffff"},{"id":"--inbiz-color-menu-left-default","isShow":false,"name":"默认字色","langkey":"menuFontColor","color":"#666666"},{"id":"--inbiz-color-menu-left-selected","isShow":false,"name":"选中字色","langkey":"menuSelectFontColor","color":"#1989fa"},{"id":"--inbiz-font-size-menu-left","isShow":false,"name":"字号","langkey":"menuFontSize","size":14,"fontSize":"14px"}],"child":[{"id":"--inbiz-color-menu-left-child-bg","isShow":false,"name":"背景","langkey":"menuBg","color":"#fff"},{"id":"--inbiz-color-menu-left-bg-child-selected","isShow":false,"name":"选中背景","langkey":"menuSelectBg","color":"#e7f3ff"},{"id":"--inbiz-color-menu-left-bg-child-hover","isShow":false,"name":"hover背景","langkey":"menuHoverBg","color":"#f5f5f5"},{"id":"--inbiz-color-menu-left-child-default","isShow":false,"name":"默认字色","langkey":"menuFontColor","color":"#666"},{"id":"--inbiz-color-menu-left-child-selected","isShow":false,"name":"选中字色","langkey":"menuSelectFontColor","color":"#1989fa"},{"id":"--inbiz-font-size-menu-child-left","isShow":false,"name":"字号","langkey":"menuFontSize","size":14,"fontSize":"14px"}]}}